,Bib,Name,Tier,Club,Race_1_Run1,Race_1_Run2,Race_1_Best_Time,Race_1_Points,Race_2_Run1,Race_2_Run2,Race_2_Best_Time,Race_2_Points,Race_3_Run1,Race_3_Run2,Race_3_Best_Time,Race_3_Points,Race_4_Run1,Race_4_Run2,Race_4_Best_Time,Race_4_Points,sum_top_3_finishes
Mitch Perreault1,1,JenniferHsiung,1,Mitch Perreault,9999.0,9999.0,9999.0,0.0,39.63,35.94,35.94,2.0,54.9,55.54,54.9,3.0,54.02,52.8,52.8,2.0,7.0
Mitch Perreault2,13,KevinBrown,2,Mitch Perreault,34.17,9999.0,34.17,4.0,31.36,9999.0,31.36,6.0,9998.0,49.98,49.98,8.0,47.47,48.49,47.47,7.0,21.0
Mitch Perreault3,22,RichardFridman,3,Mitch Perreault,33.05,31.37,31.37,6.0,9999.0,9999.0,9999.0,0.0,9998.0,44.21,44.21,6.0,44.94,45.01,44.94,7.0,19.0
Mitch Perreault4,30,MitchPerreault,4,Mitch Perreault,31.73,9999.0,31.73,6.0,29.59,29.82,29.59,4.0,40.79,41.05,40.79,7.0,43.81,43.93,43.81,7.0,20.0
Mitch Perreault5,38,SheriRamshaw,5,Mitch Perreault,32.88,31.84,31.84,5.0,29.44,30.47,29.44,4.0,9998.0,46.75,46.75,4.0,44.06,45.21,44.06,7.0,16.0
Mitch Perreault6,41,LindaLeistner,6,Mitch Perreault,31.62,31.05,31.05,2.0,30.82,30.52,30.52,2.0,66.67,42.84,42.84,2.0,44.71,44.46,44.46,3.0,7.0
Mitch Perreault7,51,KevinBeattie,7,Mitch Perreault,29.56,29.3,29.3,5.0,28.2,27.65,27.65,4.0,9999.0,9999.0,9999.0,0.0,41.19,40.39,40.39,7.0,16.0
Mitch Perreault8,57,VaylenPetrella,8,Mitch Perreault,29.28,29.61,29.28,3.0,26.84,26.78,26.78,2.0,40.49,9999.0,40.49,2.0,42.23,9999.0,42.23,2.0,7.0
Mitch Perreault9,70,ShaneHambly,9,Mitch Perreault,28.48,50.84,28.48,1.0,26.92,27.13,26.92,3.0,37.31,37.96,37.31,2.0,40.22,41.25,40.22,4.0,9.0
Mitch Perreault10,77,BrandonHune,10,Mitch Perreault,26.29,25.74,25.74,6.0,24.38,24.09,24.09,6.0,31.56,32.27,31.56,5.0,37.55,37.61,37.55,6.0,18.0
Mitch Perreault11,105,ElaineKilmerChoi,11,Mitch Perreault,49.19,47.15,47.15,3.0,54.33,9999.0,54.33,2.0,52.6,9999.0,52.6,3.0,32.85,9999.0,32.85,4.0,10.0
Mitch Perreault12,114,SachaFiand,12,Mitch Perreault,40.94,40.51,40.51,8.0,43.99,45.19,43.99,7.0,43.48,44.41,43.48,7.0,26.52,27.89,26.52,8.0,23.0
Mitch Perreault13,117,KylaTaylor,13,Mitch Perreault,52.1,50.8,50.8,2.0,9998.0,58.04,58.04,2.0,53.69,53.88,53.69,3.0,35.61,9998.0,35.61,3.0,8.0
Will Carter1,2,MauriceCacho,1,Will Carter,34.16,32.71,32.71,5.0,31.35,30.41,30.41,6.0,45.27,44.29,44.29,7.0,50.27,45.89,45.89,6.0,19.0
Will Carter2,11,SarahLalonde,2,Will Carter,38.95,34.93,34.93,3.0,34.59,35.17,34.59,3.0,52.33,54.3,52.33,5.0,9999.0,9999.0,9999.0,0.0,11.0
Will Carter3,24,AudunBredur,3,Will Carter,31.98,30.55,30.55,7.0,28.68,29.69,28.68,7.0,43.12,42.66,42.66,7.0,9999.0,9999.0,9999.0,0.0,21.0
Will Carter4,28,TusharMehta,4,Will Carter,31.92,31.84,31.84,5.0,29.34,28.96,28.96,6.0,45.25,45.17,45.17,3.0,44.47,44.61,44.47,5.0,16.0
Will Carter5,35,JamieHaggart,5,Will Carter,27.81,27.92,27.81,8.0,25.71,25.69,25.69,8.0,40.39,9999.0,40.39,8.0,9999.0,9999.0,9999.0,0.0,24.0
Will Carter6,47,KevinKilmerChoi,6,Will Carter,31.14,30.51,30.51,3.0,28.23,27.02,27.02,6.0,40.6,9999.0,40.6,5.0,43.68,43.23,43.23,4.0,15.0
Will Carter7,54,PeterDaly,7,Will Carter,29.49,30.03,29.49,4.0,28.11,28.55,28.11,3.0,40.08,40.85,40.08,4.0,42.62,9998.0,42.62,4.0,12.0
Will Carter8,59,SeanCotnam,8,Will Carter,28.45,28.95,28.45,4.0,26.09,25.98,25.98,5.0,36.74,37.06,36.74,6.0,39.07,40.41,39.07,8.0,19.0
Will Carter9,69,WilliamCartar,9,Will Carter,25.95,25.77,25.77,8.0,24.27,23.98,23.98,8.0,32.46,33.85,32.46,8.0,37.65,9998.0,37.65,8.0,24.0
Will Carter10,76,McleanWood,10,Will Carter,25.78,26.04,25.78,4.0,9999.0,9999.0,9999.0,0.0,31.75,9998.0,31.75,3.0,9998.0,9999.0,9998.0,2.0,9.0
Will Carter11,101,JoelFarber,11,Will Carter,43.0,42.55,42.55,8.0,39.23,38.54,38.54,8.0,41.92,41.86,41.86,8.0,9998.0,26.47,26.47,8.0,24.0
Will Carter12,115,LindaLeistner,12,Will Carter,47.37,48.1,47.37,5.0,54.74,9999.0,54.74,3.0,51.1,9999.0,51.1,4.0,34.26,9999.0,34.26,4.0,13.0
Will Carter13,120,HannahKilmerChoi,13,Will Carter,38.07,9999.0,38.07,8.0,40.37,39.19,39.19,8.0,42.13,40.03,40.03,8.0,25.41,25.34,25.34,8.0,24.0
Stephanie Coward1,4,JustinRosenberg,1,Stephanie Coward,35.81,33.66,33.66,4.0,31.8,31.42,31.42,5.0,46.35,47.78,46.35,6.0,46.74,46.66,46.66,5.0,16.0
Stephanie Coward2,14,AlexHenry,2,Stephanie Coward,37.74,37.99,37.74,2.0,34.64,36.52,34.64,2.0,9999.0,9999.0,9999.0,0.0,46.39,47.6,46.39,8.0,12.0
Stephanie Coward3,17,MarkSandell,3,Stephanie Coward,34.85,34.08,34.08,3.0,30.89,31.72,30.89,5.0,9999.0,9999.0,9999.0,0.0,48.78,9999.0,48.78,5.0,13.0
Stephanie Coward4,31,TonyPetrella,4,Stephanie Coward,33.18,34.88,33.18,2.0,32.05,32.43,32.05,2.0,41.92,9999.0,41.92,5.0,46.6,48.96,46.6,4.0,11.0
Stephanie Coward5,34,JocelynFrench,5,Stephanie Coward,33.17,34.56,33.17,3.0,30.55,32.22,30.55,2.0,44.47,47.24,44.47,6.0,46.0,48.52,46.0,5.0,14.0
Stephanie Coward6,48,HughMcCormick,6,Stephanie Coward,29.41,9999.0,29.41,7.0,28.0,27.53,27.53,5.0,39.94,39.18,39.18,7.0,42.42,9999.0,42.42,7.0,21.0
Stephanie Coward7,55,MarkLaurie,7,Stephanie Coward,27.86,27.63,27.63,8.0,26.49,26.81,26.49,7.0,38.4,38.17,38.17,6.0,40.15,40.2,40.15,8.0,23.0
Stephanie Coward8,62,JohnGlover,8,Stephanie Coward,30.8,30.23,30.23,2.0,27.93,27.86,27.86,1.0,42.75,42.22,42.22,1.0,9999.0,9999.0,9999.0,0.0,4.0
Stephanie Coward9,73,StephanieCoward,9,Stephanie Coward,26.76,26.65,26.65,6.0,24.61,24.81,24.61,7.0,32.84,9998.0,32.84,6.0,39.46,39.28,39.28,6.0,19.0
Stephanie Coward10,81,LauraCoward,10,Stephanie Coward,27.6,27.71,27.6,1.0,25.36,25.4,25.36,2.0,9998.0,35.32,35.32,2.0,39.93,40.34,39.93,3.0,7.0
Stephanie Coward13,119,JennaLivingston,13,Stephanie Coward,42.45,41.35,41.35,7.0,45.51,44.81,44.81,4.0,41.61,41.46,41.46,6.0,27.78,27.4,27.4,7.0,20.0
Stephanie Coward11,,,11,Stephanie Coward,,,,4.5,,,,4.5,,,,4.5,,,,4.5,13.5
Stephanie Coward12,,,12,Stephanie Coward,,,,4.5,,,,4.5,,,,4.5,,,,4.5,13.5
Mike McTaggart1,5,DavidRosenblatt,1,Mike McTaggart,31.44,30.99,30.99,8.0,29.13,28.4,28.4,8.0,9998.0,42.35,42.35,8.0,44.44,44.77,44.44,8.0,24.0
Mike McTaggart2,10,BrentNorrey,2,Mike McTaggart,31.53,9999.0,31.53,8.0,29.93,9999.0,29.93,8.0,50.57,9999.0,50.57,7.0,9999.0,9999.0,9999.0,0.0,23.0
Mike McTaggart3,19,NicholasArgiros,3,Mike McTaggart,32.5,30.49,30.49,8.0,28.64,28.59,28.59,8.0,9999.0,9999.0,9999.0,0.0,9999.0,9999.0,9999.0,0.0,16.0
Mike McTaggart4,32,JosephBellissimo,4,Mike McTaggart,9999.0,9999.0,9999.0,0.0,29.71,30.19,29.71,3.0,9999.0,9999.0,9999.0,0.0,9999.0,9999.0,9999.0,0.0,3.0
Mike McTaggart5,36,LisaBugler,5,Mike McTaggart,32.02,32.31,32.02,4.0,29.63,29.34,29.34,5.0,45.08,45.81,45.08,5.0,44.89,44.86,44.86,6.0,16.0
Mike McTaggart6,42,RobReid,6,Mike McTaggart,29.91,30.18,29.91,5.0,27.62,26.95,26.95,8.0,9998.0,42.74,42.74,3.0,43.0,42.7,42.7,6.0,19.0
Mike McTaggart7,53,GillianCartar,7,Mike McTaggart,28.82,29.16,28.82,7.0,27.26,27.36,27.26,6.0,38.5,38.79,38.5,5.0,9999.0,9999.0,9999.0,0.0,18.0
Mike McTaggart8,60,RobertHawtin,8,Mike McTaggart,9999.0,9999.0,9999.0,0.0,26.4,26.25,26.25,4.0,36.92,37.54,36.92,4.0,40.72,41.81,40.72,3.0,11.0
Mike McTaggart9,72,KennethStoneham,9,Mike McTaggart,28.09,9998.0,28.09,3.0,25.89,26.16,25.89,5.0,9999.0,9999.0,9999.0,0.0,9999.0,9999.0,9999.0,0.0,8.0
Mike McTaggart10,78,MikeMcTaggart,10,Mike McTaggart,25.69,26.32,25.69,7.0,23.62,23.69,23.62,8.0,31.51,31.42,31.42,6.0,9999.0,9999.0,9999.0,0.0,21.0
Mike McTaggart11,107,TerenceWoodside,11,Mike McTaggart,44.26,9999.0,44.26,6.0,45.83,45.72,45.72,7.0,44.55,45.36,44.55,7.0,28.72,9999.0,28.72,7.0,21.0
Mike McTaggart12,108,DanielSimmonsStubbs,12,Mike McTaggart,48.16,9999.0,48.16,4.0,9999.0,9999.0,9999.0,0.0,53.29,9999.0,53.29,3.0,33.05,9999.0,33.05,5.0,12.0
Mike McTaggart13,116,MelanieLeistnerLavoie,13,Mike McTaggart,42.87,42.92,42.87,4.0,43.97,44.28,43.97,5.0,9999.0,9999.0,9999.0,0.0,29.41,29.0,29.0,4.0,13.0
Don French 1,6,AdamSzakacs,1,Don French ,37.8,36.13,36.13,3.0,34.23,34.11,34.11,3.0,50.37,9998.0,50.37,4.0,51.73,50.88,50.88,3.0,10.0
Don French 2,9,BernardOegema,2,Don French ,33.9,9999.0,33.9,6.0,33.61,9999.0,33.61,4.0,54.42,9999.0,54.42,3.0,51.66,51.4,51.4,4.0,14.0
Don French 3,18,GilNayot,3,Don French ,33.47,32.77,32.77,5.0,29.06,29.49,29.06,6.0,42.65,41.74,41.74,8.0,45.39,43.92,43.92,8.0,22.0
Don French 4,25,KevinMcLoughlin,4,Don French ,30.91,30.87,30.87,7.0,28.92,28.56,28.56,7.0,44.55,9998.0,44.55,4.0,9999.0,9999.0,9999.0,0.0,18.0
Don French 5,37,DavidEva,5,Don French ,30.57,30.67,30.57,6.0,27.98,27.73,27.73,7.0,9999.0,9999.0,9999.0,0.0,42.98,43.11,42.98,8.0,21.0
Don French 6,44,ToddRobertson,6,Don French ,30.2,29.96,29.96,4.0,29.4,9998.0,29.4,3.0,43.51,42.0,42.0,4.0,41.7,41.99,41.7,8.0,16.0
Don French 7,52,DonFrench,7,Don French ,29.5,29.6,29.5,3.0,26.46,27.6,26.46,8.0,36.25,38.21,36.25,8.0,41.75,41.55,41.55,5.0,21.0
Don French 8,61,BradBrock,8,Don French ,27.98,28.58,27.98,7.0,26.56,26.48,26.48,3.0,36.07,37.43,36.07,7.0,39.65,40.53,39.65,7.0,21.0
Don French 9,71,NeilHubley,9,Don French ,27.12,9998.0,27.12,5.0,9999.0,9999.0,9999.0,0.0,36.34,35.94,35.94,4.0,39.67,9999.0,39.67,5.0,14.0
Don French 10,75,NicholasBalan,10,Don French ,25.77,25.85,25.77,5.0,23.89,23.82,23.82,7.0,29.52,30.17,29.52,8.0,37.17,37.64,37.17,8.0,23.0
Don French 11,104,SteveCrawford,11,Don French ,45.49,44.92,44.92,5.0,50.92,50.86,50.86,4.0,51.5,50.44,50.44,4.0,30.94,32.38,30.94,5.0,14.0
Don French 12,110,RobertMilthorpe,12,Don French ,44.12,42.71,42.71,7.0,45.51,47.54,45.51,6.0,46.25,45.39,45.39,6.0,9999.0,9999.0,9999.0,0.0,19.0
Don French 13,123,BernardOegema,13,Don French ,46.0,44.35,44.35,3.0,42.98,43.59,42.98,6.0,44.46,46.29,44.46,5.0,28.97,30.17,28.97,5.0,16.0
Joanna Perreault1,7,EricRosen,1,Joanna Perreault,33.05,32.19,32.19,7.0,30.23,31.02,30.23,7.0,9999.0,9999.0,9999.0,0.0,47.84,47.22,47.22,4.0,18.0
Joanna Perreault2,15,PeterLivingston,2,Joanna Perreault,34.09,35.35,34.09,5.0,31.85,32.9,31.85,5.0,50.91,9999.0,50.91,6.0,52.58,50.66,50.66,5.0,16.0
Joanna Perreault3,23,TroyHarrison,3,Joanna Perreault,36.26,33.27,33.27,4.0,9998.0,33.76,33.76,3.0,9999.0,9999.0,9999.0,0.0,49.25,56.82,49.25,4.0,11.0
Joanna Perreault4,29,JoshErlick,4,Joanna Perreault,30.98,30.42,30.42,8.0,27.77,27.59,27.59,8.0,38.53,9998.0,38.53,8.0,41.84,42.13,41.84,8.0,24.0
Joanna Perreault5,39,StephenLewis,5,Joanna Perreault,9999.0,9999.0,9999.0,0.0,29.8,29.52,29.52,3.0,9999.0,9999.0,9999.0,0.0,9999.0,9999.0,9999.0,0.0,3.0
Joanna Perreault6,45,ChrisReid,6,Joanna Perreault,31.5,32.12,31.5,1.0,9999.0,9999.0,9999.0,0.0,9999.0,9999.0,9999.0,0.0,9999.0,9999.0,9999.0,0.0,1.0
Joanna Perreault7,56,JoannaPerreault,7,Joanna Perreault,29.17,29.32,29.17,6.0,9999.0,9999.0,9999.0,0.0,37.87,38.32,37.87,7.0,41.09,42.52,41.09,6.0,19.0
Joanna Perreault8,58,RobertSmejkal,8,Joanna Perreault,28.17,9998.0,28.17,6.0,26.23,25.77,25.77,7.0,37.12,37.8,37.12,3.0,40.1,39.79,39.79,6.0,19.0
Joanna Perreault9,68,PeterMoorhead,9,Joanna Perreault,28.18,9998.0,28.18,2.0,26.36,26.18,26.18,4.0,35.01,9999.0,35.01,5.0,9999.0,9999.0,9999.0,0.0,11.0
Joanna Perreault10,79,ThomasDaly,10,Joanna Perreault,26.35,9998.0,26.35,2.0,24.09,9998.0,24.09,5.0,9999.0,9999.0,9999.0,0.0,37.67,38.14,37.67,5.0,12.0
Joanna Perreault11,102,SarahLedwidge,11,Joanna Perreault,47.79,47.05,47.05,4.0,49.42,53.88,49.42,5.0,50.25,56.75,50.25,5.0,30.58,33.57,30.58,6.0,16.0
Joanna Perreault12,109,MackenzieHamilton,12,Joanna Perreault,9999.0,9999.0,9999.0,0.0,43.18,43.12,43.12,8.0,44.55,41.74,41.74,8.0,26.61,29.83,26.61,7.0,23.0
Joanna Perreault13,,,13,Joanna Perreault,,,,4.5,,,,4.5,,,,4.5,,,,4.5,13.5
Adam Grossman1,8,JonathanAmbeault,1,Adam Grossman,32.52,32.72,32.52,6.0,32.57,31.69,31.69,4.0,48.23,46.56,46.56,5.0,45.26,47.86,45.26,7.0,18.0
Adam Grossman2,16,ZefuDai,2,Adam Grossman,34.33,33.78,33.78,7.0,30.18,30.92,30.18,7.0,9999.0,9999.0,9999.0,0.0,48.67,48.61,48.61,6.0,20.0
Adam Grossman3,21,EricaReid,3,Adam Grossman,38.05,37.88,37.88,2.0,36.72,36.19,36.19,2.0,56.49,56.1,56.1,4.0,9999.0,9999.0,9999.0,0.0,8.0
Adam Grossman4,26,LeonardDrimmer,4,Adam Grossman,34.45,32.1,32.1,4.0,9999.0,9999.0,9999.0,0.0,9999.0,9999.0,9999.0,0.0,9999.0,9999.0,9999.0,0.0,4.0
Adam Grossman5,40,EarlDuffy,5,Adam Grossman,30.49,29.7,29.7,7.0,29.16,9998.0,29.16,6.0,9998.0,42.36,42.36,7.0,9999.0,9999.0,9999.0,0.0,20.0
Adam Grossman6,46,CraigPitman,6,Adam Grossman,28.79,29.43,28.79,8.0,27.04,26.97,26.97,7.0,38.5,38.64,38.5,8.0,9999.0,9999.0,9999.0,0.0,23.0
Adam Grossman7,50,AdamGrossman,7,Adam Grossman,9999.0,9999.0,9999.0,0.0,9999.0,9999.0,9999.0,0.0,9999.0,9999.0,9999.0,0.0,9999.0,9999.0,9999.0,0.0,0.0
Adam Grossman8,63,BrookHamilton,8,Adam Grossman,28.44,28.37,28.37,5.0,26.43,25.96,25.96,6.0,36.79,37.16,36.79,5.0,40.79,40.52,40.52,4.0,16.0
Adam Grossman9,66,JeffCox,9,Adam Grossman,25.85,26.05,25.85,7.0,9999.0,9999.0,9999.0,0.0,32.53,9998.0,32.53,7.0,9999.0,9999.0,9999.0,0.0,14.0
Adam Grossman10,80,WillStewart,10,Adam Grossman,26.14,25.54,25.54,8.0,24.19,24.11,24.11,4.0,30.04,9998.0,30.04,7.0,41.86,37.43,37.43,7.0,22.0
Adam Grossman11,106,DenaSilverberg,11,Adam Grossman,53.63,56.86,53.63,2.0,52.96,53.44,52.96,3.0,60.77,59.04,59.04,2.0,35.09,35.49,35.09,3.0,8.0
Adam Grossman12,112,DarcyMcDonald,12,Adam Grossman,46.96,46.54,46.54,6.0,9999.0,50.12,50.12,4.0,9999.0,9999.0,9999.0,0.0,9999.0,9999.0,9999.0,0.0,10.0
Adam Grossman13,122,KevinKilmerChoi,13,Adam Grossman,42.47,9999.0,42.47,5.0,42.74,9999.0,42.74,7.0,41.0,9999.0,41.0,7.0,9998.0,37.08,37.08,2.0,19.0
Graham Ramshaw 2,12,ShannaReid,2,Graham Ramshaw ,43.96,9999.0,43.96,1.0,36.38,9999.0,36.38,1.0,53.57,9999.0,53.57,4.0,9999.0,9999.0,9999.0,0.0,6.0
Graham Ramshaw 3,20,RachelMegitt,3,Graham Ramshaw ,9999.0,9999.0,9999.0,0.0,32.69,32.91,32.69,4.0,46.85,50.81,46.85,5.0,47.76,47.17,47.17,6.0,15.0
Graham Ramshaw 4,27,StevenBollinger,4,Graham Ramshaw ,34.98,32.28,32.28,3.0,29.51,29.99,29.51,5.0,43.53,41.7,41.7,6.0,44.94,44.46,44.46,6.0,17.0
Graham Ramshaw 5,33,ToriAbbott,5,Graham Ramshaw ,34.76,35.93,34.76,2.0,32.37,31.86,31.86,1.0,9999.0,9999.0,9999.0,0.0,48.61,48.84,48.61,4.0,7.0
Graham Ramshaw 6,43,LauraLibby,6,Graham Ramshaw ,29.91,29.73,29.73,6.0,28.43,27.84,27.84,4.0,41.5,40.41,40.41,6.0,43.58,42.82,42.82,5.0,17.0
Graham Ramshaw 7,49,MelanieLeistnerLavoie,7,Graham Ramshaw ,29.94,41.3,29.94,2.0,27.52,28.11,27.52,5.0,9999.0,9999.0,9999.0,0.0,9998.0,43.03,43.03,3.0,10.0
Graham Ramshaw 8,64,DavidGarber,8,Graham Ramshaw ,27.47,28.32,27.47,8.0,25.72,26.33,25.72,8.0,35.75,36.14,35.75,8.0,40.23,41.26,40.23,5.0,24.0
Graham Ramshaw 9,67,JasonPark,9,Graham Ramshaw ,28.52,27.57,27.57,4.0,25.55,9999.0,25.55,6.0,9998.0,36.42,36.42,3.0,39.18,9998.0,39.18,7.0,17.0
Graham Ramshaw 10,74,GrahamRamshaw,10,Graham Ramshaw ,9998.0,25.92,25.92,3.0,24.34,24.54,24.34,3.0,31.63,9998.0,31.63,4.0,37.89,37.88,37.88,4.0,11.0
Graham Ramshaw 11,103,MarkSandell,11,Graham Ramshaw ,48.02,43.83,43.83,7.0,48.53,9999.0,48.53,6.0,52.81,47.41,47.41,6.0,9999.0,9999.0,9999.0,0.0,19.0
Graham Ramshaw 12,111,SheriRamshaw,12,Graham Ramshaw ,50.37,51.92,50.37,3.0,50.38,49.19,49.19,5.0,51.74,50.75,50.75,5.0,32.89,33.73,32.89,6.0,16.0
Graham Ramshaw 13,121,GrahamRamshaw,13,Graham Ramshaw ,44.74,42.34,42.34,6.0,44.85,50.82,44.85,3.0,45.46,9998.0,45.46,4.0,28.53,28.58,28.53,6.0,16.0
Graham Ramshaw 1,,,1,Graham Ramshaw ,,,,4.5,,,,4.5,,,,4.5,,,,4.5,13.5
